HomeTeamID,AwayTeamID,DateTime,HomeTeam,AwayTeam,PredictedWinner
4,2,2024-08-23 18:40:00,Baltimore Orioles,Arizona Diamondbacks,Baltimore Orioles
19,30,2024-08-23 19:05:00,New York Mets,Baltimore Orioles,Baltimore Orioles
29,23,2024-08-23 19:05:00,Washington Nationals,San Francisco Giants,San Francisco Giants
3,21,2024-08-23 19:07:00,Atlanta Braves,Philadelphia Phillies,Atlanta Braves
25,14,2024-08-23 19:10:00,St. Louis Cardinals,Los Angeles Angels,Los Angeles Angels
10,28,2024-08-23 19:10:00,Chicago Cubs,Toronto Blue Jays,Chicago Cubs
22,9,2024-08-23 19:10:00,Pittsburgh Pirates,Cincinnati Reds,Pittsburgh Pirates
26,35,2024-08-23 19:20:00,Tampa Bay Rays,,
16,17,2024-08-23 20:10:00,Milwaukee Brewers,Minnesota Twins,Minnesota Twins
5,12,2024-08-23 20:10:00,Boston Red Sox,Houston Astros,Houston Astros
20,31,2024-08-23 20:10:00,Oakland Athletics,Chicago Cubs,Chicago Cubs
24,32,2024-08-23 21:40:00,Seattle Mariners,Chicago White Sox,Chicago White Sox
33,18,2024-08-23 21:40:00,San Diego Padres,New York Yankees,San Diego Padres
1,11,2024-08-23 22:10:00,Los Angeles Dodgers,Chicago White Sox,Los Angeles Dodgers
13,15,2024-08-23 22:10:00,Kansas City Royals,Miami Marlins,Kansas City Royals
29,23,2024-08-24 14:05:00,Washington Nationals,San Francisco Giants,San Francisco Giants
3,21,2024-08-24 15:07:00,Atlanta Braves,Philadelphia Phillies,Atlanta Braves
19,30,2024-08-24 16:05:00,New York Mets,Baltimore Orioles,Baltimore Orioles
24,32,2024-08-24 16:07:00,Seattle Mariners,Chicago White Sox,Chicago White Sox
25,14,2024-08-24 16:10:00,St. Louis Cardinals,Los Angeles Angels,Los Angeles Angels
22,9,2024-08-24 16:10:00,Pittsburgh Pirates,Cincinnati Reds,Pittsburgh Pirates
13,15,2024-08-24 16:10:00,Kansas City Royals,Miami Marlins,Kansas City Royals
4,2,2024-08-24 18:40:00,Baltimore Orioles,Arizona Diamondbacks,Baltimore Orioles
16,17,2024-08-24 19:10:00,Milwaukee Brewers,Minnesota Twins,Minnesota Twins
10,28,2024-08-24 19:10:00,Chicago Cubs,Toronto Blue Jays,Chicago Cubs
5,12,2024-08-24 19:10:00,Boston Red Sox,Houston Astros,Houston Astros
20,31,2024-08-24 19:10:00,Oakland Athletics,Chicago Cubs,Chicago Cubs
26,35,2024-08-24 19:20:00,Tampa Bay Rays,,
33,18,2024-08-24 20:40:00,San Diego Padres,New York Yankees,San Diego Padres
1,11,2024-08-24 21:10:00,Los Angeles Dodgers,Chicago White Sox,Los Angeles Dodgers
26,35,2024-08-25 12:05:00,Tampa Bay Rays,,
25,14,2024-08-25 13:35:00,St. Louis Cardinals,Los Angeles Angels,Los Angeles Angels
29,23,2024-08-25 13:35:00,Washington Nationals,San Francisco Giants,San Francisco Giants
4,2,2024-08-25 13:35:00,Baltimore Orioles,Arizona Diamondbacks,Baltimore Orioles
3,21,2024-08-25 13:37:00,Atlanta Braves,Philadelphia Phillies,Atlanta Braves
10,28,2024-08-25 13:40:00,Chicago Cubs,Toronto Blue Jays,Chicago Cubs
22,9,2024-08-25 13:40:00,Pittsburgh Pirates,Cincinnati Reds,Pittsburgh Pirates
16,17,2024-08-25 14:10:00,Milwaukee Brewers,Minnesota Twins,Minnesota Twins
5,12,2024-08-25 14:10:00,Boston Red Sox,Houston Astros,Houston Astros
20,31,2024-08-25 14:10:00,Oakland Athletics,Chicago Cubs,Chicago Cubs
24,32,2024-08-25 16:07:00,Seattle Mariners,Chicago White Sox,Chicago White Sox
1,11,2024-08-25 16:10:00,Los Angeles Dodgers,Chicago White Sox,Los Angeles Dodgers
33,18,2024-08-25 16:10:00,San Diego Padres,New York Yankees,San Diego Padres
13,15,2024-08-25 16:10:00,Kansas City Royals,Miami Marlins,Kansas City Royals
19,30,2024-08-25 19:10:00,New York Mets,Baltimore Orioles,Baltimore Orioles
10,5,2024-08-26 13:10:00,Chicago Cubs,Boston Red Sox,Chicago Cubs
10,5,2024-08-26 18:40:00,Chicago Cubs,Boston Red Sox,Chicago Cubs
12,30,2024-08-26 18:40:00,Houston Astros,Baltimore Orioles,Houston Astros
4,9,2024-08-26 18:40:00,Baltimore Orioles,Cincinnati Reds,Cincinnati Reds
35,29,2024-08-26 18:45:00,,Washington Nationals,Washington Nationals
25,3,2024-08-26 19:10:00,St. Louis Cardinals,Atlanta Braves,St. Louis Cardinals
20,26,2024-08-26 19:40:00,Oakland Athletics,Tampa Bay Rays,Tampa Bay Rays
31,33,2024-08-26 19:45:00,Chicago Cubs,San Diego Padres,San Diego Padres
16,17,2024-08-26 20:10:00,Milwaukee Brewers,Minnesota Twins,Minnesota Twins
23,22,2024-08-26 20:40:00,San Francisco Giants,Pittsburgh Pirates,Pittsburgh Pirates
13,11,2024-08-26 21:40:00,Kansas City Royals,Chicago White Sox,Chicago White Sox
2,24,2024-08-27 18:40:00,Arizona Diamondbacks,Seattle Mariners,Arizona Diamondbacks
10,5,2024-08-27 18:40:00,Chicago Cubs,Boston Red Sox,Chicago Cubs
17,21,2024-08-27 18:40:00,Minnesota Twins,Philadelphia Phillies,Philadelphia Phillies
12,30,2024-08-27 18:40:00,Houston Astros,Baltimore Orioles,Houston Astros
4,9,2024-08-27 18:40:00,Baltimore Orioles,Cincinnati Reds,Cincinnati Reds
35,29,2024-08-27 18:45:00,,Washington Nationals,Washington Nationals
25,3,2024-08-27 19:10:00,St. Louis Cardinals,Atlanta Braves,St. Louis Cardinals
20,26,2024-08-27 19:40:00,Oakland Athletics,Tampa Bay Rays,Tampa Bay Rays
31,33,2024-08-27 19:45:00,Chicago Cubs,San Diego Padres,San Diego Padres
16,28,2024-08-27 20:10:00,Milwaukee Brewers,Toronto Blue Jays,Toronto Blue Jays
32,15,2024-08-27 20:10:00,Chicago White Sox,Miami Marlins,Miami Marlins
23,22,2024-08-27 20:40:00,San Francisco Giants,Pittsburgh Pirates,Pittsburgh Pirates
14,18,2024-08-27 21:40:00,Los Angeles Angels,New York Yankees,New York Yankees
13,11,2024-08-27 21:40:00,Kansas City Royals,Chicago White Sox,Chicago White Sox
1,19,2024-08-27 22:10:00,Los Angeles Dodgers,New York Mets,New York Mets
4,9,2024-08-28 12:35:00,Baltimore Orioles,Cincinnati Reds,Cincinnati Reds
10,5,2024-08-28 13:10:00,Chicago Cubs,Boston Red Sox,Chicago Cubs
12,30,2024-08-28 16:05:00,Houston Astros,Baltimore Orioles,Houston Astros
13,11,2024-08-28 16:10:00,Kansas City Royals,Chicago White Sox,Chicago White Sox
2,24,2024-08-28 18:40:00,Arizona Diamondbacks,Seattle Mariners,Arizona Diamondbacks
17,21,2024-08-28 18:40:00,Minnesota Twins,Philadelphia Phillies,Philadelphia Phillies
35,29,2024-08-28 18:45:00,,Washington Nationals,Washington Nationals
25,3,2024-08-28 19:10:00,St. Louis Cardinals,Atlanta Braves,St. Louis Cardinals
20,26,2024-08-28 19:40:00,Oakland Athletics,Tampa Bay Rays,Tampa Bay Rays
31,33,2024-08-28 19:45:00,Chicago Cubs,San Diego Padres,San Diego Padres
16,28,2024-08-28 20:10:00,Milwaukee Brewers,Toronto Blue Jays,Toronto Blue Jays
32,15,2024-08-28 20:10:00,Chicago White Sox,Miami Marlins,Miami Marlins
23,22,2024-08-28 20:40:00,San Francisco Giants,Pittsburgh Pirates,Pittsburgh Pirates
14,18,2024-08-28 21:40:00,Los Angeles Angels,New York Yankees,New York Yankees
1,19,2024-08-28 22:10:00,Los Angeles Dodgers,New York Mets,New York Mets
17,21,2024-08-29 13:10:00,Minnesota Twins,Philadelphia Phillies,Philadelphia Phillies
16,28,2024-08-29 14:10:00,Milwaukee Brewers,Toronto Blue Jays,Toronto Blue Jays
32,15,2024-08-29 14:10:00,Chicago White Sox,Miami Marlins,Miami Marlins
31,33,2024-08-29 14:15:00,Chicago Cubs,San Diego Padres,San Diego Padres
23,22,2024-08-29 15:10:00,San Francisco Giants,Pittsburgh Pirates,Pittsburgh Pirates
14,18,2024-08-29 15:40:00,Los Angeles Angels,New York Yankees,New York Yankees
2,24,2024-08-29 17:10:00,Arizona Diamondbacks,Seattle Mariners,Arizona Diamondbacks
12,26,2024-08-29 18:40:00,Houston Astros,Tampa Bay Rays,Tampa Bay Rays
25,3,2024-08-29 19:10:00,St. Louis Cardinals,Atlanta Braves,St. Louis Cardinals
30,5,2024-08-29 20:10:00,Baltimore Orioles,Boston Red Sox,Boston Red Sox
1,19,2024-08-29 22:10:00,Los Angeles Dodgers,New York Mets,New York Mets
2,32,2024-08-30 12:40:00,Arizona Diamondbacks,Chicago White Sox,Chicago White Sox
2,32,2024-08-30 18:40:00,Arizona Diamondbacks,Chicago White Sox,Chicago White Sox
17,25,2024-08-30 18:40:00,Minnesota Twins,St. Louis Cardinals,St. Louis Cardinals
12,26,2024-08-30 18:40:00,Houston Astros,Tampa Bay Rays,Tampa Bay Rays
35,9,2024-08-30 18:45:00,,Cincinnati Reds,
11,33,2024-08-30 18:50:00,Chicago White Sox,San Diego Padres,San Diego Padres
29,31,2024-08-30 19:05:00,Washington Nationals,Chicago Cubs,Washington Nationals
10,4,2024-08-30 19:10:00,Chicago Cubs,Baltimore Orioles,Baltimore Orioles
28,24,2024-08-30 20:05:00,Toronto Blue Jays,Seattle Mariners,Toronto Blue Jays
16,18,2024-08-30 20:10:00,Milwaukee Brewers,New York Yankees,Milwaukee Brewers
30,5,2024-08-30 20:10:00,Baltimore Orioles,Boston Red Sox,Boston Red Sox
20,3,2024-08-30 20:10:00,Oakland Athletics,Atlanta Braves,Atlanta Braves
23,19,2024-08-30 20:40:00,San Francisco Giants,New York Mets,New York Mets
21,13,2024-08-30 21:38:00,Philadelphia Phillies,Kansas City Royals,Kansas City Royals
14,1,2024-08-30 21:40:00,Los Angeles Angels,Los Angeles Dodgers,Los Angeles Dodgers
15,22,2024-08-30 22:15:00,Miami Marlins,Pittsburgh Pirates,Miami Marlins
29,31,2024-08-31 13:05:00,Washington Nationals,Chicago Cubs,Washington Nationals
35,9,2024-08-31 16:05:00,,Cincinnati Reds,
11,33,2024-08-31 16:10:00,Chicago White Sox,San Diego Padres,San Diego Padres
10,4,2024-08-31 18:10:00,Chicago Cubs,Baltimore Orioles,Baltimore Orioles
17,25,2024-08-31 18:10:00,Minnesota Twins,St. Louis Cardinals,St. Louis Cardinals
28,24,2024-08-31 19:05:00,Toronto Blue Jays,Seattle Mariners,Toronto Blue Jays
16,18,2024-08-31 19:10:00,Milwaukee Brewers,New York Yankees,Milwaukee Brewers
30,5,2024-08-31 19:10:00,Baltimore Orioles,Boston Red Sox,Boston Red Sox
20,3,2024-08-31 19:10:00,Oakland Athletics,Atlanta Braves,Atlanta Braves
2,32,2024-08-31 19:15:00,Arizona Diamondbacks,Chicago White Sox,Chicago White Sox
12,26,2024-08-31 19:15:00,Houston Astros,Tampa Bay Rays,Tampa Bay Rays
14,1,2024-08-31 20:10:00,Los Angeles Angels,Los Angeles Dodgers,Los Angeles Dodgers
23,19,2024-08-31 20:10:00,San Francisco Giants,New York Mets,New York Mets
15,22,2024-08-31 21:05:00,Miami Marlins,Pittsburgh Pirates,Miami Marlins
21,13,2024-08-31 21:38:00,Philadelphia Phillies,Kansas City Royals,Kansas City Royals
2,32,2024-09-01 12:10:00,Arizona Diamondbacks,Chicago White Sox,Chicago White Sox
29,31,2024-09-01 13:35:00,Washington Nationals,Chicago Cubs,Washington Nationals
35,9,2024-09-01 13:35:00,,Cincinnati Reds,
10,4,2024-09-01 13:40:00,Chicago Cubs,Baltimore Orioles,Baltimore Orioles
17,25,2024-09-01 13:40:00,Minnesota Twins,St. Louis Cardinals,St. Louis Cardinals
11,33,2024-09-01 13:40:00,Chicago White Sox,San Diego Padres,San Diego Padres
16,18,2024-09-01 14:10:00,Milwaukee Brewers,New York Yankees,Milwaukee Brewers
30,5,2024-09-01 14:10:00,Baltimore Orioles,Boston Red Sox,Boston Red Sox
20,3,2024-09-01 14:10:00,Oakland Athletics,Atlanta Braves,Atlanta Braves
28,24,2024-09-01 14:35:00,Toronto Blue Jays,Seattle Mariners,Toronto Blue Jays
23,19,2024-09-01 15:10:00,San Francisco Giants,New York Mets,New York Mets
15,22,2024-09-01 16:05:00,Miami Marlins,Pittsburgh Pirates,Miami Marlins
21,13,2024-09-01 16:07:00,Philadelphia Phillies,Kansas City Royals,Kansas City Royals
14,1,2024-09-01 16:10:00,Los Angeles Angels,Los Angeles Dodgers,Los Angeles Dodgers
12,26,2024-09-01 19:10:00,Houston Astros,Tampa Bay Rays,Tampa Bay Rays
32,31,2024-09-02 14:10:00,Chicago White Sox,Chicago Cubs,Chicago White Sox
19,16,2024-09-02 15:05:00,New York Mets,Milwaukee Brewers,New York Mets
14,1,2024-09-02 16:10:00,Los Angeles Angels,Los Angeles Dodgers,Los Angeles Dodgers
2,30,2024-09-02 16:10:00,Arizona Diamondbacks,Baltimore Orioles,Arizona Diamondbacks
5,10,2024-09-02 16:10:00,Boston Red Sox,Chicago Cubs,Boston Red Sox
33,17,2024-09-02 18:40:00,San Diego Padres,Minnesota Twins,Minnesota Twins
11,20,2024-09-02 18:50:00,Chicago White Sox,Oakland Athletics,Chicago White Sox
24,13,2024-09-02 19:07:00,Seattle Mariners,Kansas City Royals,Kansas City Royals
18,25,2024-09-02 19:10:00,New York Yankees,St. Louis Cardinals,New York Yankees
9,4,2024-09-02 19:40:00,Cincinnati Reds,Baltimore Orioles,Cincinnati Reds
28,29,2024-09-02 20:05:00,Toronto Blue Jays,Washington Nationals,Toronto Blue Jays
19,16,2024-09-03 18:35:00,New York Mets,Milwaukee Brewers,New York Mets
22,35,2024-09-03 18:40:00,Pittsburgh Pirates,,
11,20,2024-09-03 18:50:00,Chicago White Sox,Oakland Athletics,Chicago White Sox
3,12,2024-09-03 19:07:00,Atlanta Braves,Houston Astros,Atlanta Braves
18,25,2024-09-03 19:10:00,New York Yankees,St. Louis Cardinals,New York Yankees
26,23,2024-09-03 19:20:00,Tampa Bay Rays,San Francisco Giants,Tampa Bay Rays
9,4,2024-09-03 19:40:00,Cincinnati Reds,Baltimore Orioles,Cincinnati Reds
5,10,2024-09-03 19:40:00,Boston Red Sox,Chicago Cubs,Boston Red Sox
32,31,2024-09-03 19:40:00,Chicago White Sox,Chicago Cubs,Chicago White Sox
28,29,2024-09-03 20:05:00,Toronto Blue Jays,Washington Nationals,Toronto Blue Jays
21,1,2024-09-03 21:38:00,Philadelphia Phillies,Los Angeles Dodgers,Los Angeles Dodgers
24,13,2024-09-03 21:40:00,Seattle Mariners,Kansas City Royals,Kansas City Royals
15,14,2024-09-03 21:45:00,Miami Marlins,Los Angeles Angels,Miami Marlins
3,12,2024-09-04 15:07:00,Atlanta Braves,Houston Astros,Atlanta Braves
19,16,2024-09-04 18:35:00,New York Mets,Milwaukee Brewers,New York Mets
2,30,2024-09-04 18:40:00,Arizona Diamondbacks,Baltimore Orioles,Arizona Diamondbacks
22,35,2024-09-04 18:40:00,Pittsburgh Pirates,,
11,20,2024-09-04 18:50:00,Chicago White Sox,Oakland Athletics,Chicago White Sox
18,25,2024-09-04 19:10:00,New York Yankees,St. Louis Cardinals,New York Yankees
26,23,2024-09-04 19:20:00,Tampa Bay Rays,San Francisco Giants,Tampa Bay Rays
9,4,2024-09-04 19:40:00,Cincinnati Reds,Baltimore Orioles,Cincinnati Reds
5,10,2024-09-04 19:40:00,Boston Red Sox,Chicago Cubs,Boston Red Sox
32,31,2024-09-04 19:40:00,Chicago White Sox,Chicago Cubs,Chicago White Sox
28,29,2024-09-04 20:05:00,Toronto Blue Jays,Washington Nationals,Toronto Blue Jays
21,1,2024-09-04 21:38:00,Philadelphia Phillies,Los Angeles Dodgers,Los Angeles Dodgers
24,13,2024-09-04 21:40:00,Seattle Mariners,Kansas City Royals,Kansas City Royals
33,17,2024-09-04 21:40:00,San Diego Padres,Minnesota Twins,Minnesota Twins
15,14,2024-09-04 21:45:00,Miami Marlins,Los Angeles Angels,Miami Marlins
2,30,2024-09-05 13:10:00,Arizona Diamondbacks,Baltimore Orioles,Arizona Diamondbacks
11,20,2024-09-05 13:10:00,Chicago White Sox,Oakland Athletics,Chicago White Sox
24,13,2024-09-05 15:37:00,Seattle Mariners,Kansas City Royals,Kansas City Royals
15,14,2024-09-05 15:45:00,Miami Marlins,Los Angeles Angels,Miami Marlins
22,12,2024-09-05 18:40:00,Pittsburgh Pirates,Houston Astros,Houston Astros
4,35,2024-09-05 18:40:00,Baltimore Orioles,,Baltimore Orioles
26,23,2024-09-05 19:20:00,Tampa Bay Rays,San Francisco Giants,Tampa Bay Rays
28,21,2024-09-05 20:05:00,Toronto Blue Jays,Philadelphia Phillies,Philadelphia Phillies
33,17,2024-09-05 20:40:00,San Diego Padres,Minnesota Twins,Minnesota Twins
9,29,2024-09-06 14:20:00,Cincinnati Reds,Washington Nationals,Cincinnati Reds
32,23,2024-09-06 18:10:00,Chicago White Sox,San Francisco Giants,Chicago White Sox
4,35,2024-09-06 18:40:00,Baltimore Orioles,,Baltimore Orioles
19,11,2024-09-06 19:05:00,New York Mets,Chicago White Sox,Chicago White Sox
25,16,2024-09-06 19:10:00,St. Louis Cardinals,Milwaukee Brewers,Milwaukee Brewers
22,12,2024-09-06 19:10:00,Pittsburgh Pirates,Houston Astros,Houston Astros
18,2,2024-09-06 19:10:00,New York Yankees,Arizona Diamondbacks,Arizona Diamondbacks
26,3,2024-09-06 19:20:00,Tampa Bay Rays,Atlanta Braves,Atlanta Braves
28,21,2024-09-06 20:05:00,Toronto Blue Jays,Philadelphia Phillies,Philadelphia Phillies
30,14,2024-09-06 20:10:00,Baltimore Orioles,Los Angeles Angels,Los Angeles Angels
5,20,2024-09-06 20:10:00,Boston Red Sox,Oakland Athletics,Oakland Athletics
31,13,2024-09-06 20:15:00,Chicago Cubs,Kansas City Royals,Chicago Cubs
24,17,2024-09-06 21:40:00,Seattle Mariners,Minnesota Twins,Minnesota Twins
33,15,2024-09-06 21:40:00,San Diego Padres,Miami Marlins,San Diego Padres
1,10,2024-09-06 22:10:00,Los Angeles Dodgers,Chicago Cubs,Los Angeles Dodgers
9,29,2024-09-07 14:20:00,Cincinnati Reds,Washington Nationals,Cincinnati Reds
19,11,2024-09-07 16:05:00,New York Mets,Chicago White Sox,Chicago White Sox
24,17,2024-09-07 16:07:00,Seattle Mariners,Minnesota Twins,Minnesota Twins
30,14,2024-09-07 16:10:00,Baltimore Orioles,Los Angeles Angels,Los Angeles Angels
22,12,2024-09-07 16:10:00,Pittsburgh Pirates,Houston Astros,Houston Astros
18,2,2024-09-07 16:10:00,New York Yankees,Arizona Diamondbacks,Arizona Diamondbacks
4,35,2024-09-07 18:40:00,Baltimore Orioles,,Baltimore Orioles
28,21,2024-09-07 19:05:00,Toronto Blue Jays,Philadelphia Phillies,Philadelphia Phillies
32,23,2024-09-07 19:10:00,Chicago White Sox,San Francisco Giants,Chicago White Sox
25,16,2024-09-07 19:15:00,St. Louis Cardinals,Milwaukee Brewers,Milwaukee Brewers
5,20,2024-09-07 19:15:00,Boston Red Sox,Oakland Athletics,Oakland Athletics
31,13,2024-09-07 19:15:00,Chicago Cubs,Kansas City Royals,Chicago Cubs
26,3,2024-09-07 19:20:00,Tampa Bay Rays,Atlanta Braves,Atlanta Braves
33,15,2024-09-07 20:40:00,San Diego Padres,Miami Marlins,San Diego Padres
1,10,2024-09-07 21:10:00,Los Angeles Dodgers,Chicago Cubs,Los Angeles Dodgers
19,11,2024-09-08 12:05:00,New York Mets,Chicago White Sox,Chicago White Sox
26,3,2024-09-08 13:35:00,Tampa Bay Rays,Atlanta Braves,Atlanta Braves
25,16,2024-09-08 13:35:00,St. Louis Cardinals,Milwaukee Brewers,Milwaukee Brewers
4,35,2024-09-08 13:35:00,Baltimore Orioles,,Baltimore Orioles
22,12,2024-09-08 13:40:00,Pittsburgh Pirates,Houston Astros,Houston Astros
18,2,2024-09-08 13:40:00,New York Yankees,Arizona Diamondbacks,Arizona Diamondbacks
30,14,2024-09-08 14:10:00,Baltimore Orioles,Los Angeles Angels,Los Angeles Angels
5,20,2024-09-08 14:10:00,Boston Red Sox,Oakland Athletics,Oakland Athletics
32,23,2024-09-08 14:10:00,Chicago White Sox,San Francisco Giants,Chicago White Sox
31,13,2024-09-08 14:15:00,Chicago Cubs,Kansas City Royals,Chicago Cubs
9,29,2024-09-08 14:20:00,Cincinnati Reds,Washington Nationals,Cincinnati Reds
28,21,2024-09-08 14:35:00,Toronto Blue Jays,Philadelphia Phillies,Philadelphia Phillies
24,17,2024-09-08 16:07:00,Seattle Mariners,Minnesota Twins,Minnesota Twins
1,10,2024-09-08 16:10:00,Los Angeles Dodgers,Chicago Cubs,Los Angeles Dodgers
33,15,2024-09-08 16:10:00,San Diego Padres,Miami Marlins,San Diego Padres
26,2,2024-09-09 18:40:00,Tampa Bay Rays,Arizona Diamondbacks,Arizona Diamondbacks
12,11,2024-09-09 18:40:00,Houston Astros,Chicago White Sox,Houston Astros
4,22,2024-09-09 18:40:00,Baltimore Orioles,Pittsburgh Pirates,Pittsburgh Pirates
29,5,2024-09-09 19:05:00,Washington Nationals,Boston Red Sox,Washington Nationals
3,18,2024-09-09 19:07:00,Atlanta Braves,New York Yankees,New York Yankees
25,19,2024-09-09 19:10:00,St. Louis Cardinals,New York Mets,New York Mets
16,10,2024-09-09 19:40:00,Milwaukee Brewers,Chicago Cubs,Milwaukee Brewers
20,21,2024-09-09 19:40:00,Oakland Athletics,Philadelphia Phillies,Oakland Athletics
1,9,2024-09-09 22:10:00,Los Angeles Dodgers,Cincinnati Reds,Cincinnati Reds
17,23,2024-09-10 18:40:00,Minnesota Twins,San Francisco Giants,San Francisco Giants
12,11,2024-09-10 18:40:00,Houston Astros,Chicago White Sox,Houston Astros
4,22,2024-09-10 18:40:00,Baltimore Orioles,Pittsburgh Pirates,Pittsburgh Pirates
35,26,2024-09-10 18:45:00,,Tampa Bay Rays,Tampa Bay Rays
29,5,2024-09-10 19:05:00,Washington Nationals,Boston Red Sox,Washington Nationals
3,18,2024-09-10 19:07:00,Atlanta Braves,New York Yankees,New York Yankees
25,19,2024-09-10 19:10:00,St. Louis Cardinals,New York Mets,New York Mets
16,10,2024-09-10 19:40:00,Milwaukee Brewers,Chicago Cubs,Milwaukee Brewers
20,21,2024-09-10 19:40:00,Oakland Athletics,Philadelphia Phillies,Oakland Athletics
31,2,2024-09-10 19:45:00,Chicago Cubs,Arizona Diamondbacks,Chicago Cubs
30,24,2024-09-10 20:10:00,Baltimore Orioles,Seattle Mariners,Baltimore Orioles
14,28,2024-09-10 21:40:00,Los Angeles Angels,Toronto Blue Jays,Los Angeles Angels
13,33,2024-09-10 21:40:00,Kansas City Royals,San Diego Padres,Kansas City Royals
15,32,2024-09-10 21:45:00,Miami Marlins,Chicago White Sox,Chicago White Sox
1,9,2024-09-10 22:10:00,Los Angeles Dodgers,Cincinnati Reds,Cincinnati Reds
4,22,2024-09-11 12:35:00,Baltimore Orioles,Pittsburgh Pirates,Pittsburgh Pirates
16,10,2024-09-11 14:10:00,Milwaukee Brewers,Chicago Cubs,Milwaukee Brewers
3,18,2024-09-11 15:07:00,Atlanta Braves,New York Yankees,New York Yankees
14,28,2024-09-11 15:40:00,Los Angeles Angels,Toronto Blue Jays,Los Angeles Angels
17,23,2024-09-11 18:40:00,Minnesota Twins,San Francisco Giants,San Francisco Giants
12,11,2024-09-11 18:40:00,Houston Astros,Chicago White Sox,Houston Astros
35,26,2024-09-11 18:45:00,,Tampa Bay Rays,Tampa Bay Rays
29,5,2024-09-11 19:05:00,Washington Nationals,Boston Red Sox,Washington Nationals
25,19,2024-09-11 19:10:00,St. Louis Cardinals,New York Mets,New York Mets
20,21,2024-09-11 19:10:00,Oakland Athletics,Philadelphia Phillies,Oakland Athletics
31,2,2024-09-11 19:45:00,Chicago Cubs,Arizona Diamondbacks,Chicago Cubs
30,24,2024-09-11 20:10:00,Baltimore Orioles,Seattle Mariners,Baltimore Orioles
13,33,2024-09-11 21:40:00,Kansas City Royals,San Diego Padres,Kansas City Royals
15,32,2024-09-11 21:45:00,Miami Marlins,Chicago White Sox,Chicago White Sox
1,9,2024-09-11 22:10:00,Los Angeles Dodgers,Cincinnati Reds,Cincinnati Reds
17,23,2024-09-12 13:10:00,Minnesota Twins,San Francisco Giants,San Francisco Giants
31,2,2024-09-12 13:15:00,Chicago Cubs,Arizona Diamondbacks,Chicago Cubs
30,24,2024-09-12 14:10:00,Baltimore Orioles,Seattle Mariners,Baltimore Orioles
35,22,2024-09-12 18:45:00,,Pittsburgh Pirates,Pittsburgh Pirates
10,11,2024-09-12 19:15:00,Chicago Cubs,Chicago White Sox,Chicago White Sox
29,25,2024-09-12 19:15:00,Washington Nationals,St. Louis Cardinals,St. Louis Cardinals
13,28,2024-09-12 21:40:00,Kansas City Royals,Toronto Blue Jays,Kansas City Royals
15,32,2024-09-12 21:45:00,Miami Marlins,Chicago White Sox,Chicago White Sox
17,19,2024-09-13 18:40:00,Minnesota Twins,New York Mets,New York Mets
12,18,2024-09-13 18:40:00,Houston Astros,New York Yankees,New York Yankees
4,5,2024-09-13 18:40:00,Baltimore Orioles,Boston Red Sox,Boston Red Sox
35,22,2024-09-13 18:45:00,,Pittsburgh Pirates,Pittsburgh Pirates
29,25,2024-09-13 19:05:00,Washington Nationals,St. Louis Cardinals,St. Louis Cardinals
3,31,2024-09-13 19:07:00,Atlanta Braves,Chicago Cubs,Chicago Cubs
10,11,2024-09-13 19:10:00,Chicago Cubs,Chicago White Sox,Chicago White Sox
26,1,2024-09-13 19:20:00,Tampa Bay Rays,Los Angeles Dodgers,Los Angeles Dodgers
16,24,2024-09-13 19:40:00,Milwaukee Brewers,Seattle Mariners,Milwaukee Brewers
20,2,2024-09-13 20:10:00,Oakland Athletics,Arizona Diamondbacks,Arizona Diamondbacks
23,9,2024-09-13 20:40:00,San Francisco Giants,Cincinnati Reds,San Francisco Giants
21,30,2024-09-13 21:38:00,Philadelphia Phillies,Baltimore Orioles,Baltimore Orioles
14,32,2024-09-13 21:40:00,Los Angeles Angels,Chicago White Sox,Los Angeles Angels
13,28,2024-09-13 22:10:00,Kansas City Royals,Toronto Blue Jays,Kansas City Royals
15,33,2024-09-13 22:15:00,Miami Marlins,San Diego Padres,Miami Marlins
29,25,2024-09-14 13:05:00,Washington Nationals,St. Louis Cardinals,St. Louis Cardinals
4,5,2024-09-14 13:05:00,Baltimore Orioles,Boston Red Sox,Boston Red Sox
3,31,2024-09-14 15:07:00,Atlanta Braves,Chicago Cubs,Chicago Cubs
12,18,2024-09-14 16:05:00,Houston Astros,New York Yankees,New York Yankees
35,22,2024-09-14 16:05:00,,Pittsburgh Pirates,Pittsburgh Pirates
10,11,2024-09-14 18:10:00,Chicago Cubs,Chicago White Sox,Chicago White Sox
17,19,2024-09-14 18:10:00,Minnesota Twins,New York Mets,New York Mets
16,24,2024-09-14 19:10:00,Milwaukee Brewers,Seattle Mariners,Milwaukee Brewers
20,2,2024-09-14 19:10:00,Oakland Athletics,Arizona Diamondbacks,Arizona Diamondbacks
26,1,2024-09-14 19:20:00,Tampa Bay Rays,Los Angeles Dodgers,Los Angeles Dodgers
14,32,2024-09-14 20:10:00,Los Angeles Angels,Chicago White Sox,Los Angeles Angels
23,9,2024-09-14 20:10:00,San Francisco Giants,Cincinnati Reds,San Francisco Giants
15,33,2024-09-14 21:05:00,Miami Marlins,San Diego Padres,Miami Marlins
21,30,2024-09-14 21:38:00,Philadelphia Phillies,Baltimore Orioles,Baltimore Orioles
13,28,2024-09-14 21:40:00,Kansas City Royals,Toronto Blue Jays,Kansas City Royals
17,19,2024-09-15 12:10:00,Minnesota Twins,New York Mets,New York Mets
20,2,2024-09-15 13:05:00,Oakland Athletics,Arizona Diamondbacks,Arizona Diamondbacks
29,25,2024-09-15 13:35:00,Washington Nationals,St. Louis Cardinals,St. Louis Cardinals
12,18,2024-09-15 13:35:00,Houston Astros,New York Yankees,New York Yankees
4,5,2024-09-15 13:35:00,Baltimore Orioles,Boston Red Sox,Boston Red Sox
35,22,2024-09-15 13:35:00,,Pittsburgh Pirates,Pittsburgh Pirates
3,31,2024-09-15 13:37:00,Atlanta Braves,Chicago Cubs,Chicago Cubs
10,11,2024-09-15 13:40:00,Chicago Cubs,Chicago White Sox,Chicago White Sox
16,24,2024-09-15 14:10:00,Milwaukee Brewers,Seattle Mariners,Milwaukee Brewers
23,9,2024-09-15 15:10:00,San Francisco Giants,Cincinnati Reds,San Francisco Giants
15,33,2024-09-15 16:05:00,Miami Marlins,San Diego Padres,Miami Marlins
21,30,2024-09-15 16:07:00,Philadelphia Phillies,Baltimore Orioles,Baltimore Orioles
14,32,2024-09-15 16:10:00,Los Angeles Angels,Chicago White Sox,Los Angeles Angels
13,28,2024-09-15 16:10:00,Kansas City Royals,Toronto Blue Jays,Kansas City Royals
26,1,2024-09-15 19:10:00,Tampa Bay Rays,Los Angeles Dodgers,Los Angeles Dodgers
10,20,2024-09-16 18:40:00,Chicago Cubs,Oakland Athletics,Chicago Cubs
18,35,2024-09-16 19:10:00,New York Yankees,,New York Yankees
26,1,2024-09-16 19:20:00,Tampa Bay Rays,Los Angeles Dodgers,Los Angeles Dodgers
9,24,2024-09-16 19:40:00,Cincinnati Reds,Seattle Mariners,Cincinnati Reds
5,17,2024-09-16 19:40:00,Boston Red Sox,Minnesota Twins,Boston Red Sox
32,12,2024-09-16 19:40:00,Chicago White Sox,Houston Astros,Houston Astros
31,4,2024-09-16 19:45:00,Chicago Cubs,Baltimore Orioles,Baltimore Orioles
23,14,2024-09-16 20:40:00,San Francisco Giants,Los Angeles Angels,Los Angeles Angels
21,16,2024-09-16 21:38:00,Philadelphia Phillies,Milwaukee Brewers,Milwaukee Brewers
33,30,2024-09-16 21:40:00,San Diego Padres,Baltimore Orioles,Baltimore Orioles
19,15,2024-09-17 18:35:00,New York Mets,Miami Marlins,New York Mets
2,26,2024-09-17 18:40:00,Arizona Diamondbacks,Tampa Bay Rays,Tampa Bay Rays
10,20,2024-09-17 18:40:00,Chicago Cubs,Oakland Athletics,Chicago Cubs
22,1,2024-09-17 18:40:00,Pittsburgh Pirates,Los Angeles Dodgers,Pittsburgh Pirates
11,25,2024-09-17 18:50:00,Chicago White Sox,St. Louis Cardinals,St. Louis Cardinals
18,35,2024-09-17 19:10:00,New York Yankees,,New York Yankees
9,24,2024-09-17 19:40:00,Cincinnati Reds,Seattle Mariners,Cincinnati Reds
5,17,2024-09-17 19:40:00,Boston Red Sox,Minnesota Twins,Boston Red Sox
32,12,2024-09-17 19:40:00,Chicago White Sox,Houston Astros,Houston Astros
31,4,2024-09-17 19:45:00,Chicago Cubs,Baltimore Orioles,Baltimore Orioles
28,3,2024-09-17 20:05:00,Toronto Blue Jays,Atlanta Braves,Toronto Blue Jays
23,14,2024-09-17 20:40:00,San Francisco Giants,Los Angeles Angels,Los Angeles Angels
21,16,2024-09-17 21:38:00,Philadelphia Phillies,Milwaukee Brewers,Milwaukee Brewers
33,30,2024-09-17 21:40:00,San Diego Padres,Baltimore Orioles,Baltimore Orioles
13,29,2024-09-17 21:40:00,Kansas City Royals,Washington Nationals,Washington Nationals
9,24,2024-09-18 14:20:00,Cincinnati Reds,Seattle Mariners,Cincinnati Reds
23,14,2024-09-18 15:10:00,San Francisco Giants,Los Angeles Angels,Los Angeles Angels
21,16,2024-09-18 16:07:00,Philadelphia Phillies,Milwaukee Brewers,Milwaukee Brewers
19,15,2024-09-18 18:35:00,New York Mets,Miami Marlins,New York Mets
2,26,2024-09-18 18:40:00,Arizona Diamondbacks,Tampa Bay Rays,Tampa Bay Rays
10,20,2024-09-18 18:40:00,Chicago Cubs,Oakland Athletics,Chicago Cubs
22,1,2024-09-18 18:40:00,Pittsburgh Pirates,Los Angeles Dodgers,Pittsburgh Pirates
33,30,2024-09-18 18:40:00,San Diego Padres,Baltimore Orioles,Baltimore Orioles
11,25,2024-09-18 18:50:00,Chicago White Sox,St. Louis Cardinals,St. Louis Cardinals
18,35,2024-09-18 19:10:00,New York Yankees,,New York Yankees
5,17,2024-09-18 19:40:00,Boston Red Sox,Minnesota Twins,Boston Red Sox
32,12,2024-09-18 19:40:00,Chicago White Sox,Houston Astros,Houston Astros
31,4,2024-09-18 19:45:00,Chicago Cubs,Baltimore Orioles,Baltimore Orioles
28,3,2024-09-18 20:05:00,Toronto Blue Jays,Atlanta Braves,Toronto Blue Jays
13,29,2024-09-18 21:40:00,Kansas City Royals,Washington Nationals,Washington Nationals
19,15,2024-09-19 13:05:00,New York Mets,Miami Marlins,New York Mets
2,26,2024-09-19 13:10:00,Arizona Diamondbacks,Tampa Bay Rays,Tampa Bay Rays
10,20,2024-09-19 13:10:00,Chicago Cubs,Oakland Athletics,Chicago Cubs
28,3,2024-09-19 14:35:00,Toronto Blue Jays,Atlanta Braves,Toronto Blue Jays
13,29,2024-09-19 16:10:00,Kansas City Royals,Washington Nationals,Washington Nationals
22,1,2024-09-19 16:40:00,Pittsburgh Pirates,Los Angeles Dodgers,Pittsburgh Pirates
11,25,2024-09-19 18:50:00,Chicago White Sox,St. Louis Cardinals,St. Louis Cardinals
18,12,2024-09-19 19:10:00,New York Yankees,Houston Astros,New York Yankees
31,4,2024-09-19 19:15:00,Chicago Cubs,Baltimore Orioles,Baltimore Orioles
9,35,2024-09-19 19:40:00,Cincinnati Reds,,Cincinnati Reds
32,14,2024-09-19 19:40:00,Chicago White Sox,Los Angeles Angels,Los Angeles Angels
30,21,2024-09-19 20:10:00,Baltimore Orioles,Philadelphia Phillies,Baltimore Orioles
9,35,2024-09-20 14:20:00,Cincinnati Reds,,Cincinnati Reds
2,4,2024-09-20 18:40:00,Arizona Diamondbacks,Baltimore Orioles,Arizona Diamondbacks
11,3,2024-09-20 18:50:00,Chicago White Sox,Atlanta Braves,Chicago White Sox
19,17,2024-09-20 19:05:00,New York Mets,Minnesota Twins,New York Mets
25,20,2024-09-20 19:10:00,St. Louis Cardinals,Oakland Athletics,Oakland Athletics
22,26,2024-09-20 19:10:00,Pittsburgh Pirates,Tampa Bay Rays,Tampa Bay Rays
18,12,2024-09-20 19:10:00,New York Yankees,Houston Astros,New York Yankees
28,13,2024-09-20 20:05:00,Toronto Blue Jays,Kansas City Royals,Toronto Blue Jays
30,21,2024-09-20 20:10:00,Baltimore Orioles,Philadelphia Phillies,Baltimore Orioles
5,15,2024-09-20 20:10:00,Boston Red Sox,Miami Marlins,Boston Red Sox
32,14,2024-09-20 20:10:00,Chicago White Sox,Los Angeles Angels,Los Angeles Angels
31,10,2024-09-20 20:15:00,Chicago Cubs,Chicago Cubs,Chicago Cubs
24,29,2024-09-20 21:40:00,Seattle Mariners,Washington Nationals,Washington Nationals
33,16,2024-09-20 21:40:00,San Diego Padres,Milwaukee Brewers,San Diego Padres
1,23,2024-09-20 22:10:00,Los Angeles Dodgers,San Francisco Giants,Los Angeles Dodgers
2,4,2024-09-21 13:10:00,Arizona Diamondbacks,Baltimore Orioles,Arizona Diamondbacks
9,35,2024-09-21 14:20:00,Cincinnati Reds,,Cincinnati Reds
19,17,2024-09-21 16:05:00,New York Mets,Minnesota Twins,New York Mets
25,20,2024-09-21 16:10:00,St. Louis Cardinals,Oakland Athletics,Oakland Athletics
22,26,2024-09-21 16:10:00,Pittsburgh Pirates,Tampa Bay Rays,Tampa Bay Rays
18,12,2024-09-21 16:10:00,New York Yankees,Houston Astros,New York Yankees
11,3,2024-09-21 16:10:00,Chicago White Sox,Atlanta Braves,Chicago White Sox
28,13,2024-09-21 19:05:00,Toronto Blue Jays,Kansas City Royals,Toronto Blue Jays
30,21,2024-09-21 19:10:00,Baltimore Orioles,Philadelphia Phillies,Baltimore Orioles
5,15,2024-09-21 19:10:00,Boston Red Sox,Miami Marlins,Boston Red Sox
32,14,2024-09-21 19:10:00,Chicago White Sox,Los Angeles Angels,Los Angeles Angels
31,10,2024-09-21 19:15:00,Chicago Cubs,Chicago Cubs,Chicago Cubs
33,16,2024-09-21 20:40:00,San Diego Padres,Milwaukee Brewers,San Diego Padres
24,29,2024-09-21 21:07:00,Seattle Mariners,Washington Nationals,Washington Nationals
1,23,2024-09-21 21:10:00,Los Angeles Dodgers,San Francisco Giants,Los Angeles Dodgers
2,4,2024-09-22 13:10:00,Arizona Diamondbacks,Baltimore Orioles,Arizona Diamondbacks
19,17,2024-09-22 13:35:00,New York Mets,Minnesota Twins,New York Mets
25,20,2024-09-22 13:35:00,St. Louis Cardinals,Oakland Athletics,Oakland Athletics
22,26,2024-09-22 13:40:00,Pittsburgh Pirates,Tampa Bay Rays,Tampa Bay Rays
18,12,2024-09-22 13:40:00,New York Yankees,Houston Astros,New York Yankees
11,3,2024-09-22 13:40:00,Chicago White Sox,Atlanta Braves,Chicago White Sox
30,21,2024-09-22 14:10:00,Baltimore Orioles,Philadelphia Phillies,Baltimore Orioles
5,15,2024-09-22 14:10:00,Boston Red Sox,Miami Marlins,Boston Red Sox
32,14,2024-09-22 14:10:00,Chicago White Sox,Los Angeles Angels,Los Angeles Angels
31,10,2024-09-22 14:15:00,Chicago Cubs,Chicago Cubs,Chicago Cubs
9,35,2024-09-22 14:20:00,Cincinnati Reds,,Cincinnati Reds
28,13,2024-09-22 14:35:00,Toronto Blue Jays,Kansas City Royals,Toronto Blue Jays
24,29,2024-09-22 16:07:00,Seattle Mariners,Washington Nationals,Washington Nationals
1,23,2024-09-22 16:10:00,Los Angeles Dodgers,San Francisco Giants,Los Angeles Dodgers
33,16,2024-09-22 16:10:00,San Diego Padres,Milwaukee Brewers,San Diego Padres
12,9,2024-09-23 18:40:00,Houston Astros,Cincinnati Reds,Houston Astros
3,25,2024-09-23 19:07:00,Atlanta Braves,St. Louis Cardinals,St. Louis Cardinals
30,13,2024-09-23 20:10:00,Baltimore Orioles,Kansas City Royals,Kansas City Royals
14,15,2024-09-23 21:40:00,Los Angeles Angels,Miami Marlins,Los Angeles Angels
10,2,2024-09-24 18:40:00,Chicago Cubs,Arizona Diamondbacks,Chicago Cubs
17,11,2024-09-24 18:40:00,Minnesota Twins,Chicago White Sox,Chicago White Sox
12,9,2024-09-24 18:40:00,Houston Astros,Cincinnati Reds,Houston Astros
4,32,2024-09-24 18:40:00,Baltimore Orioles,Chicago White Sox,Chicago White Sox
35,5,2024-09-24 18:45:00,,Boston Red Sox,
29,19,2024-09-24 19:05:00,Washington Nationals,New York Mets,New York Mets
3,25,2024-09-24 19:07:00,Atlanta Braves,St. Louis Cardinals,St. Louis Cardinals
26,18,2024-09-24 19:20:00,Tampa Bay Rays,New York Yankees,Tampa Bay Rays
16,21,2024-09-24 19:40:00,Milwaukee Brewers,Philadelphia Phillies,Philadelphia Phillies
20,22,2024-09-24 19:40:00,Oakland Athletics,Pittsburgh Pirates,Pittsburgh Pirates
30,13,2024-09-24 20:10:00,Baltimore Orioles,Kansas City Royals,Kansas City Royals
23,31,2024-09-24 20:40:00,San Francisco Giants,Chicago Cubs,Chicago Cubs
14,15,2024-09-24 21:40:00,Los Angeles Angels,Miami Marlins,Los Angeles Angels
24,28,2024-09-24 21:40:00,Seattle Mariners,Toronto Blue Jays,Toronto Blue Jays
1,33,2024-09-24 22:10:00,Los Angeles Dodgers,San Diego Padres,Los Angeles Dodgers
30,13,2024-09-25 14:10:00,Baltimore Orioles,Kansas City Royals,Kansas City Royals
12,9,2024-09-25 18:05:00,Houston Astros,Cincinnati Reds,Houston Astros
10,2,2024-09-25 18:40:00,Chicago Cubs,Arizona Diamondbacks,Chicago Cubs
17,11,2024-09-25 18:40:00,Minnesota Twins,Chicago White Sox,Chicago White Sox
4,32,2024-09-25 18:40:00,Baltimore Orioles,Chicago White Sox,Chicago White Sox
35,5,2024-09-25 18:45:00,,Boston Red Sox,
29,19,2024-09-25 19:05:00,Washington Nationals,New York Mets,New York Mets
3,25,2024-09-25 19:07:00,Atlanta Braves,St. Louis Cardinals,St. Louis Cardinals
26,18,2024-09-25 19:20:00,Tampa Bay Rays,New York Yankees,Tampa Bay Rays
16,21,2024-09-25 19:40:00,Milwaukee Brewers,Philadelphia Phillies,Philadelphia Phillies
20,22,2024-09-25 19:40:00,Oakland Athletics,Pittsburgh Pirates,Pittsburgh Pirates
23,31,2024-09-25 20:40:00,San Francisco Giants,Chicago Cubs,Chicago Cubs
14,15,2024-09-25 21:40:00,Los Angeles Angels,Miami Marlins,Los Angeles Angels
24,28,2024-09-25 21:40:00,Seattle Mariners,Toronto Blue Jays,Toronto Blue Jays
1,33,2024-09-25 22:10:00,Los Angeles Dodgers,San Diego Padres,Los Angeles Dodgers
4,32,2024-09-26 12:35:00,Baltimore Orioles,Chicago White Sox,Chicago White Sox
35,5,2024-09-26 13:05:00,,Boston Red Sox,
17,11,2024-09-26 13:10:00,Minnesota Twins,Chicago White Sox,Chicago White Sox
16,21,2024-09-26 14:10:00,Milwaukee Brewers,Philadelphia Phillies,Philadelphia Phillies
23,31,2024-09-26 15:10:00,San Francisco Giants,Chicago Cubs,Chicago Cubs
24,28,2024-09-26 15:37:00,Seattle Mariners,Toronto Blue Jays,Toronto Blue Jays
29,19,2024-09-26 19:05:00,Washington Nationals,New York Mets,New York Mets
26,18,2024-09-26 19:20:00,Tampa Bay Rays,New York Yankees,Tampa Bay Rays
20,22,2024-09-26 19:40:00,Oakland Athletics,Pittsburgh Pirates,Pittsburgh Pirates
1,33,2024-09-26 22:10:00,Los Angeles Dodgers,San Diego Padres,Los Angeles Dodgers
9,2,2024-09-27 14:20:00,Cincinnati Reds,Arizona Diamondbacks,Arizona Diamondbacks
17,16,2024-09-27 18:40:00,Minnesota Twins,Milwaukee Brewers,Minnesota Twins
35,12,2024-09-27 18:45:00,,Houston Astros,Houston Astros
29,4,2024-09-27 19:05:00,Washington Nationals,Baltimore Orioles,Washington Nationals
3,22,2024-09-27 19:07:00,Atlanta Braves,Pittsburgh Pirates,Pittsburgh Pirates
25,11,2024-09-27 19:10:00,St. Louis Cardinals,Chicago White Sox,Chicago White Sox
10,30,2024-09-27 19:10:00,Chicago Cubs,Baltimore Orioles,Baltimore Orioles
26,5,2024-09-27 19:20:00,Tampa Bay Rays,Boston Red Sox,Tampa Bay Rays
23,1,2024-09-27 20:10:00,San Francisco Giants,Los Angeles Dodgers,Los Angeles Dodgers
32,18,2024-09-27 20:10:00,Chicago White Sox,New York Yankees,Chicago White Sox
20,19,2024-09-27 20:10:00,Oakland Athletics,New York Mets,New York Mets
21,28,2024-09-27 21:38:00,Philadelphia Phillies,Toronto Blue Jays,Toronto Blue Jays
14,33,2024-09-27 21:40:00,Los Angeles Angels,San Diego Padres,San Diego Padres
13,24,2024-09-27 22:10:00,Kansas City Royals,Seattle Mariners,Kansas City Royals
15,31,2024-09-27 22:15:00,Miami Marlins,Chicago Cubs,Chicago Cubs
29,4,2024-09-28 13:05:00,Washington Nationals,Baltimore Orioles,Washington Nationals
17,16,2024-09-28 13:10:00,Minnesota Twins,Milwaukee Brewers,Minnesota Twins
20,19,2024-09-28 14:10:00,Oakland Athletics,New York Mets,New York Mets
9,2,2024-09-28 14:20:00,Cincinnati Reds,Arizona Diamondbacks,Arizona Diamondbacks
3,22,2024-09-28 15:07:00,Atlanta Braves,Pittsburgh Pirates,Pittsburgh Pirates
15,31,2024-09-28 16:05:00,Miami Marlins,Chicago Cubs,Chicago Cubs
35,12,2024-09-28 16:05:00,,Houston Astros,Houston Astros
25,11,2024-09-28 16:10:00,St. Louis Cardinals,Chicago White Sox,Chicago White Sox
10,30,2024-09-28 18:10:00,Chicago Cubs,Baltimore Orioles,Baltimore Orioles
32,18,2024-09-28 19:10:00,Chicago White Sox,New York Yankees,Chicago White Sox
26,5,2024-09-28 19:20:00,Tampa Bay Rays,Boston Red Sox,Tampa Bay Rays
14,33,2024-09-28 20:10:00,Los Angeles Angels,San Diego Padres,San Diego Padres
23,1,2024-09-28 20:10:00,San Francisco Giants,Los Angeles Dodgers,Los Angeles Dodgers
21,28,2024-09-28 21:38:00,Philadelphia Phillies,Toronto Blue Jays,Toronto Blue Jays
13,24,2024-09-28 21:40:00,Kansas City Royals,Seattle Mariners,Kansas City Royals
25,11,2024-09-29 15:05:00,St. Louis Cardinals,Chicago White Sox,Chicago White Sox
29,4,2024-09-29 15:05:00,Washington Nationals,Baltimore Orioles,Washington Nationals
15,31,2024-09-29 15:05:00,Miami Marlins,Chicago Cubs,Chicago Cubs
35,12,2024-09-29 15:05:00,,Houston Astros,Houston Astros
21,28,2024-09-29 15:07:00,Philadelphia Phillies,Toronto Blue Jays,Toronto Blue Jays
3,22,2024-09-29 15:07:00,Atlanta Braves,Pittsburgh Pirates,Pittsburgh Pirates
14,33,2024-09-29 15:10:00,Los Angeles Angels,San Diego Padres,San Diego Padres
10,30,2024-09-29 15:10:00,Chicago Cubs,Baltimore Orioles,Baltimore Orioles
23,1,2024-09-29 15:10:00,San Francisco Giants,Los Angeles Dodgers,Los Angeles Dodgers
17,16,2024-09-29 15:10:00,Minnesota Twins,Milwaukee Brewers,Minnesota Twins
32,18,2024-09-29 15:10:00,Chicago White Sox,New York Yankees,Chicago White Sox
20,19,2024-09-29 15:10:00,Oakland Athletics,New York Mets,New York Mets
13,24,2024-09-29 15:10:00,Kansas City Royals,Seattle Mariners,Kansas City Royals
26,5,2024-09-29 15:20:00,Tampa Bay Rays,Boston Red Sox,Tampa Bay Rays
9,2,2024-09-29 15:20:00,Cincinnati Reds,Arizona Diamondbacks,Arizona Diamondbacks
